id,name,description,price,category,test_min,test_max,text_for_embedding
1,Спиннинг Shimano Catana DX 240ML 5-20г,Лёгкий и чувствительный спиннинг для микроджига и ловли окуня. Быстрый строй.,6490,Спиннинги,5.0,20.0,Спиннинг Shimano Catana DX 240ML 5-20г. Спиннинги. Лёгкий и чувствительный спиннинг для микроджига и ловли окуня. Быстрый строй. test_min_5.0 test_max_20.0
2,Спиннинг Lucky John Progress Jig 24 10-30г,Универсальный спиннинг для береговой ловли щуки и судака.,4390,Спиннинги,10.0,30.0,Спиннинг Lucky John Progress Jig 24 10-30г. Спиннинги. Универсальный спиннинг для береговой ловли щуки и судака. test_min_10.0 test_max_30.0
3,Спиннинг Maximus High Energy-X 21L 3-15г,Лайт спиннинг для мелких приманок и осторожного окуня.,3790,Спиннинги,3.0,15.0,Спиннинг Maximus High Energy-X 21L 3-15г. Спиннинги. Лайт спиннинг для мелких приманок и осторожного окуня. test_min_3.0 test_max_15.0
4,Спиннинг Волжанка Метеор 270 7-28г,Надёжный бюджетный спиннинг российского производства.,2990,Спиннинги,7.0,28.0,Спиннинг Волжанка Метеор 270 7-28г. Спиннинги. Надёжный бюджетный спиннинг российского производства. test_min_7.0 test_max_28.0
5,Спиннинг Shimano Exage 270 8-28г,Качественный спиннинг среднего класса.,7990,Спиннинги,8.0,28.0,Спиннинг Shimano Exage 270 8-28г. Спиннинги. Качественный спиннинг среднего класса. test_min_8.0 test_max_28.0
6,Спиннинг Daiwa Ninja Spin 240 10-30г,Хороший спиннинг по доступной цене.,5890,Спиннинги,10.0,30.0,Спиннинг Daiwa Ninja Spin 240 10-30г. Спиннинги. Хороший спиннинг по доступной цене. test_min_10.0 test_max_30.0
7,Катушка Shimano Stradic FL C3000,Одна из лучших катушек в среднем ценовом сегменте с плавным ходом.,12990,Катушки,,,Катушка Shimano Stradic FL C3000. Катушки. Одна из лучших катушек в среднем ценовом сегменте с плавным ходом. test_min_nan test_max_nan
8,Катушка Daiwa Ninja 2500A,Популярная катушка для лёгкого и среднего спиннинга.,5590,Катушки,,,Катушка Daiwa Ninja 2500A. Катушки. Популярная катушка для лёгкого и среднего спиннинга. test_min_nan test_max_nan
9,Катушка Ryobi Exia 3000,Надёжная бюджетная катушка с хорошей укладкой лески.,3490,Катушки,,,Катушка Ryobi Exia 3000. Катушки. Надёжная бюджетная катушка с хорошей укладкой лески. test_min_nan test_max_nan
10,Катушка Okuma Ceymar C-30,Компактная и мощная катушка для ультралайтовой ловли.,4690,Катушки,,,Катушка Okuma Ceymar C-30. Катушки. Компактная и мощная катушка для ультралайтовой ловли. test_min_nan test_max_nan
11,Катушка Shimano Twin Power 3000,Флагманская катушка премиум-класса.,18900,Катушки,,,Катушка Shimano Twin Power 3000. Катушки. Флагманская катушка премиум-класса. test_min_nan test_max_nan
12,Фидер Salmo Sniper Feeder 360 120г,Мощный фидер для дальнего заброса на реке.,5890,Фидеры,0.0,120.0,Фидер Salmo Sniper Feeder 360 120г. Фидеры. Мощный фидер для дальнего заброса на реке. test_min_0.0 test_max_120.0
13,Фидер Волжанка Оптима 390 150г,Классический фидер для любительской ловли.,5190,Фидеры,0.0,150.0,Фидер Волжанка Оптима 390 150г. Фидеры. Классический фидер для любительской ловли. test_min_0.0 test_max_150.0
14,Воблер Rapala X-Rap 100,Один из самых популярных воблеров для ловли щуки и судака.,1350,Воблеры,,,Воблер Rapala X-Rap 100. Воблеры. Один из самых популярных воблеров для ловли щуки и судака. test_min_nan test_max_nan
15,Воблер Yo-Zuri L-Minnow 66,Компактный воблер с агрессивной игрой.,950,Воблеры,,,Воблер Yo-Zuri L-Minnow 66. Воблеры. Компактный воблер с агрессивной игрой. test_min_nan test_max_nan
16,Воблер Salmo Hornet 5см,"Недорогой, но очень уловистый воблер.",690,Воблеры,,,"Воблер Salmo Hornet 5см. Воблеры. Недорогой, но очень уловистый воблер. test_min_nan test_max_nan"
17,"Силикон Keitech Swing Impact 3.8"" (10 шт)",Очень уловистый виброхвост для щуки и крупного окуня.,1050,Приманки,,,"Силикон Keitech Swing Impact 3.8"" (10 шт). Приманки. Очень уловистый виброхвост для щуки и крупного окуня. test_min_nan test_max_nan"
18,"Силикон Mann's Predator 4"" (8 шт)",Классическая силиконовая приманка.,780,Приманки,,,"Силикон Mann's Predator 4"" (8 шт). Приманки. Классическая силиконовая приманка. test_min_nan test_max_nan"
19,Блесна Mepps Aglia №3 золотая,Легендарная вращающаяся блесна.,480,Блесны,,,Блесна Mepps Aglia №3 золотая. Блесны. Легендарная вращающаяся блесна. test_min_nan test_max_nan
20,Блесна Blue Fox Vibrax №4,Качественная блесна с сильной вибрацией.,650,Блесны,,,Блесна Blue Fox Vibrax №4. Блесны. Качественная блесна с сильной вибрацией. test_min_nan test_max_nan
21,Зимний костюм Norfin Discovery,Тёплый мембранный костюм для зимней рыбалки.,16200,Одежда,,,Зимний костюм Norfin Discovery. Одежда. Тёплый мембранный костюм для зимней рыбалки. test_min_nan test_max_nan
22,Демисезонный костюм Azura Pro,Универсальный костюм для весны и осени.,9200,Одежда,,,Демисезонный костюм Azura Pro. Одежда. Универсальный костюм для весны и осени. test_min_nan test_max_nan
23,Подсак телескопический 200см треугольный,Удобный подсак для вываживания крупной рыбы.,2650,Аксессуары,,,Подсак телескопический 200см треугольный. Аксессуары. Удобный подсак для вываживания крупной рыбы. test_min_nan test_max_nan
24,Рыболовный ящик Plano 1364,Прочный ящик с множеством отсеков.,4150,Аксессуары,,,Рыболовный ящик Plano 1364. Аксессуары. Прочный ящик с множеством отсеков. test_min_nan test_max_nan
25,Спиннинг Abu Garcia Vendetta VRC702M 7-28г,Надёжный средне-быстрый спиннинг с качественной фурнитурой.,7590,Спиннинги,7.0,28.0,Спиннинг Abu Garcia Vendetta VRC702M 7-28г. Спиннинги. Надёжный средне-быстрый спиннинг с качественной фурнитурой. test_min_7.0 test_max_28.0
26,Спиннинг Black Hole NS Matrix 240 5-21г,Лёгкий и сбалансированный спиннинг для джига и воблеров.,5690,Спиннинги,5.0,21.0,Спиннинг Black Hole NS Matrix 240 5-21г. Спиннинги. Лёгкий и сбалансированный спиннинг для джига и воблеров. test_min_5.0 test_max_21.0
27,Спиннинг Zemex Spider Pro 240 10-32г,Универсальный спиннинг с большим тестом для трофейной рыбы.,4890,Спиннинги,10.0,32.0,Спиннинг Zemex Spider Pro 240 10-32г. Спиннинги. Универсальный спиннинг с большим тестом для трофейной рыбы. test_min_10.0 test_max_32.0
28,Спиннинг Favorite Blue Bird 270 8-28г,Хороший бюджетный спиннинг для начинающих и опытных рыбаков.,3490,Спиннинги,8.0,28.0,Спиннинг Favorite Blue Bird 270 8-28г. Спиннинги. Хороший бюджетный спиннинг для начинающих и опытных рыбаков. test_min_8.0 test_max_28.0
29,Спиннинг Major Craft N-One 180 0.5-5г,Ультралайтовый спиннинг для ловли на микроприманки.,6790,Спиннинги,0.5,5.0,Спиннинг Major Craft N-One 180 0.5-5г. Спиннинги. Ультралайтовый спиннинг для ловли на микроприманки. test_min_0.5 test_max_5.0
30,Спиннинг Stinger Ultralight 2.13м 1-7г,Ультралайт для окуня и форели с мягкой вершинкой.,2990,Спиннинги,1.0,7.0,Спиннинг Stinger Ultralight 2.13м 1-7г. Спиннинги. Ультралайт для окуня и форели с мягкой вершинкой. test_min_1.0 test_max_7.0
31,Спиннинг Maximus Black Widow 23L 4-16г,Яркий и звонкий спиннинг для активного твичинга.,4190,Спиннинги,4.0,16.0,Спиннинг Maximus Black Widow 23L 4-16г. Спиннинги. Яркий и звонкий спиннинг для активного твичинга. test_min_4.0 test_max_16.0
32,Спиннинг Kosadaka Menace 240 15-40г,Мощный спиннинг для больших приманок и крупной щуки.,3390,Спиннинги,15.0,40.0,Спиннинг Kosadaka Menace 240 15-40г. Спиннинги. Мощный спиннинг для больших приманок и крупной щуки. test_min_15.0 test_max_40.0
33,Спиннинг Lucky John Basara 27 10-35г,Спиннинг быстрого строя для джиговой ловли судака.,4690,Спиннинги,10.0,35.0,Спиннинг Lucky John Basara 27 10-35г. Спиннинги. Спиннинг быстрого строя для джиговой ловли судака. test_min_10.0 test_max_35.0
34,Катушка Daiwa Legalis LT 2500D,Лёгкая и надёжная катушка с технологией Air Rotor.,7590,Катушки,,,Катушка Daiwa Legalis LT 2500D. Катушки. Лёгкая и надёжная катушка с технологией Air Rotor. test_min_nan test_max_nan
35,Катушка Shimano Nasci FB 2500,Выносливая катушка с холоднокованым ротором.,8790,Катушки,,,Катушка Shimano Nasci FB 2500. Катушки. Выносливая катушка с холоднокованым ротором. test_min_nan test_max_nan
36,Катушка Abu Garcia Revo X 3000,Мощная и плавная катушка для серьёзных нагрузок.,9990,Катушки,,,Катушка Abu Garcia Revo X 3000. Катушки. Мощная и плавная катушка для серьёзных нагрузок. test_min_nan test_max_nan
37,Катушка Ryobi Virago 1000,Компактная катушка для ультралайта с тонкой настройкой фрикциона.,3790,Катушки,,,Катушка Ryobi Virago 1000. Катушки. Компактная катушка для ультралайта с тонкой настройкой фрикциона. test_min_nan test_max_nan
38,Катушка Okuma Helios SX 30,Катушка с дисковым тормозом и облегчённым корпусом.,5490,Катушки,,,Катушка Okuma Helios SX 30. Катушки. Катушка с дисковым тормозом и облегчённым корпусом. test_min_nan test_max_nan
39,Катушка Favorite X1 2000,Бюджетная модель с хорошей тягой для лёгкого спиннинга.,2890,Катушки,,,Катушка Favorite X1 2000. Катушки. Бюджетная модель с хорошей тягой для лёгкого спиннинга. test_min_nan test_max_nan
40,Катушка Tsurinoya Spirit Fox 2500,Популярная китайская катушка с отличным соотношением цена/качество.,4590,Катушки,,,Катушка Tsurinoya Spirit Fox 2500. Катушки. Популярная китайская катушка с отличным соотношением цена/качество. test_min_nan test_max_nan
41,Катушка Spro Zalt M 2500,Универсальная катушка с металлическим корпусом.,6890,Катушки,,,Катушка Spro Zalt M 2500. Катушки. Универсальная катушка с металлическим корпусом. test_min_nan test_max_nan
42,Катушка Stinger Power 3000,Бюджетная катушка с хорошей укладкой лески.,2590,Катушки,,,Катушка Stinger Power 3000. Катушки. Бюджетная катушка с хорошей укладкой лески. test_min_nan test_max_nan
43,Фидер Daiwa Whisker 330 100г,Лёгкий и точный фидер для стоячей воды.,8490,Фидеры,0.0,100.0,Фидер Daiwa Whisker 330 100г. Фидеры. Лёгкий и точный фидер для стоячей воды. test_min_0.0 test_max_100.0
44,Фидер Shimano Beastmaster Feeder 360 120г,Премиальный фидер с высокой чувствительностью.,13490,Фидеры,0.0,120.0,Фидер Shimano Beastmaster Feeder 360 120г. Фидеры. Премиальный фидер с высокой чувствительностью. test_min_0.0 test_max_120.0
45,Фидер Mikado Sensei Feeder 390 150г,Надёжный фидер для реки и озера с быстрым строем.,6190,Фидеры,0.0,150.0,Фидер Mikado Sensei Feeder 390 150г. Фидеры. Надёжный фидер для реки и озера с быстрым строем. test_min_0.0 test_max_150.0
46,Фидер Browning Black Viper 360 140г,Универсальный фидер с запасом мощности.,7790,Фидеры,0.0,140.0,Фидер Browning Black Viper 360 140г. Фидеры. Универсальный фидер с запасом мощности. test_min_0.0 test_max_140.0
47,Фидер Salmo Sniper Feeder 390 180г,Мощный фидер для дальнего заброса тяжёлых кормушек.,6290,Фидеры,0.0,180.0,Фидер Salmo Sniper Feeder 390 180г. Фидеры. Мощный фидер для дальнего заброса тяжёлых кормушек. test_min_0.0 test_max_180.0
48,Воблер Kosadaka Ion 65S,Уловистый составной воблер для твичинга судака.,750,Воблеры,,,Воблер Kosadaka Ion 65S. Воблеры. Уловистый составной воблер для твичинга судака. test_min_nan test_max_nan
49,Воблер ZipBaits Orbit 80 SSR,Дальнобойный воблер с реалистичной игрой.,1450,Воблеры,,,Воблер ZipBaits Orbit 80 SSR. Воблеры. Дальнобойный воблер с реалистичной игрой. test_min_nan test_max_nan
50,Воблер Strike Pro Midge Vibe 5.5см,Маленькая вибрирующая приманка для окуня.,520,Воблеры,,,Воблер Strike Pro Midge Vibe 5.5см. Воблеры. Маленькая вибрирующая приманка для окуня. test_min_nan test_max_nan
51,Воблер Jackall Chubby 38F,Крошечный плавающий воблер для форели и окуня.,1100,Воблеры,,,Воблер Jackall Chubby 38F. Воблеры. Крошечный плавающий воблер для форели и окуня. test_min_nan test_max_nan
52,Воблер Megabass Vision Oneten,Культовый японский воблер с уникальной игрой.,1850,Воблеры,,,Воблер Megabass Vision Oneten. Воблеры. Культовый японский воблер с уникальной игрой. test_min_nan test_max_nan
53,Воблер Googan Squad Rattlin' Ned 3.5см,Шумящий воблер для ловли в траве.,820,Воблеры,,,Воблер Googan Squad Rattlin' Ned 3.5см. Воблеры. Шумящий воблер для ловли в траве. test_min_nan test_max_nan
54,Воблер Daiwa Dr. Minnow 50SP,Суспендер с реалистичной формой малька.,1280,Воблеры,,,Воблер Daiwa Dr. Minnow 50SP. Воблеры. Суспендер с реалистичной формой малька. test_min_nan test_max_nan
55,"Виброхвост Relax Twister 4"" (10 шт)",Классический твистер для щуки и окуня.,550,Приманки,,,"Виброхвост Relax Twister 4"" (10 шт). Приманки. Классический твистер для щуки и окуня. test_min_nan test_max_nan"
56,"Твистер Mann's Samba 3"" (8 шт)",Универсальный твистер с яркой игрой.,680,Приманки,,,"Твистер Mann's Samba 3"" (8 шт). Приманки. Универсальный твистер с яркой игрой. test_min_nan test_max_nan"
57,"Силиконовый рак Kosadaka Diesel 3"" (6 шт)","Реалистичный рак для джига, любимое лакомство судака.",520,Приманки,,,"Силиконовый рак Kosadaka Diesel 3"" (6 шт). Приманки. Реалистичный рак для джига, любимое лакомство судака. test_min_nan test_max_nan"
58,"Силикон Berkley PowerBait Rib Shad 4"" (5 шт)",Поглощающий запах виброхвост с ребристой поверхностью.,890,Приманки,,,"Силикон Berkley PowerBait Rib Shad 4"" (5 шт). Приманки. Поглощающий запах виброхвост с ребристой поверхностью. test_min_nan test_max_nan"
59,"Виброхвост Keitech Easy Shiner 4"" (8 шт)",Мягкий и очень подвижный виброхвост для равномерной проводки.,1150,Приманки,,,"Виброхвост Keitech Easy Shiner 4"" (8 шт). Приманки. Мягкий и очень подвижный виброхвост для равномерной проводки. test_min_nan test_max_nan"
60,"Слаг FishUp Dart 3.5"" (8 шт)",Пассивная приманка для ловли пассивного хищника.,490,Приманки,,,"Слаг FishUp Dart 3.5"" (8 шт). Приманки. Пассивная приманка для ловли пассивного хищника. test_min_nan test_max_nan"
61,Поролоновая рыбка 5см (5 шт),Легендарная приманка для ловли судака на джиг.,390,Приманки,,,Поролоновая рыбка 5см (5 шт). Приманки. Легендарная приманка для ловли судака на джиг. test_min_nan test_max_nan
62,"Силиконовый червь Zoom Trick Worm 6"" (10 шт)",Уловистый червь с большой амплитудой игры.,720,Приманки,,,"Силиконовый червь Zoom Trick Worm 6"" (10 шт). Приманки. Уловистый червь с большой амплитудой игры. test_min_nan test_max_nan"
63,Блесна вращ. Mepps Aglia Long №2 серебро,Дальнобойная вращающаяся блесна с лепестком Aglia.,450,Блесны,,,Блесна вращ. Mepps Aglia Long №2 серебро. Блесны. Дальнобойная вращающаяся блесна с лепестком Aglia. test_min_nan test_max_nan
64,Блесна Daiwa Silver Creek Spinner R 2.5г,Лёгкая блесна с отличной аэродинамикой.,620,Блесны,,,Блесна Daiwa Silver Creek Spinner R 2.5г. Блесны. Лёгкая блесна с отличной аэродинамикой. test_min_nan test_max_nan
65,Колебалка Salmo Series 4 6.5см 12г,Колеблющаяся блесна для ловли щуки на глубине.,680,Блесны,,,Колебалка Salmo Series 4 6.5см 12г. Блесны. Колеблющаяся блесна для ловли щуки на глубине. test_min_nan test_max_nan
66,Колебалка Abu Garcia Toby 18г,Знаменитая колебалка с широкой игрой.,750,Блесны,,,Колебалка Abu Garcia Toby 18г. Блесны. Знаменитая колебалка с широкой игрой. test_min_nan test_max_nan
67,Блесна Blue Fox Matrixx Spinner №3,"Вращалка с сердечником, создающим сильную вибрацию.",580,Блесны,,,"Блесна Blue Fox Matrixx Spinner №3. Блесны. Вращалка с сердечником, создающим сильную вибрацию. test_min_nan test_max_nan"
68,Блесна вращ. Smith Niakis 9г,Японская вращалка для ловли на быстрой воде.,890,Блесны,,,Блесна вращ. Smith Niakis 9г. Блесны. Японская вращалка для ловли на быстрой воде. test_min_nan test_max_nan
69,Плетеный шнур Sunline Siglon PE 0.6# 135м,Качественная японская плетёнка с высокой разрывной нагрузкой.,1890,Лески и шнуры,,,Плетеный шнур Sunline Siglon PE 0.6# 135м. Лески и шнуры. Качественная японская плетёнка с высокой разрывной нагрузкой. test_min_nan test_max_nan
70,Шнур плетёный Power Phantom 0.08мм 150м,Четырёхжильный шнур с гладким покрытием.,890,Лески и шнуры,,,Шнур плетёный Power Phantom 0.08мм 150м. Лески и шнуры. Четырёхжильный шнур с гладким покрытием. test_min_nan test_max_nan
71,Леска монофильная Trabucco T-Force 0.25мм 150м,Износостойкий монофил для поводков и оснасток.,490,Лески и шнуры,,,Леска монофильная Trabucco T-Force 0.25мм 150м. Лески и шнуры. Износостойкий монофил для поводков и оснасток. test_min_nan test_max_nan
72,Флюорокарбон Sunline Sniper 100м 0.285мм,Невидимый в воде флюорокарбон для ответственных монтажей.,1350,Лески и шнуры,,,Флюорокарбон Sunline Sniper 100м 0.285мм. Лески и шнуры. Невидимый в воде флюорокарбон для ответственных монтажей. test_min_nan test_max_nan
73,Леска плетёная YGK BornRush PE 0.8 150м,Очень прочная плетёнка для тяжёлого джига.,2150,Лески и шнуры,,,Леска плетёная YGK BornRush PE 0.8 150м. Лески и шнуры. Очень прочная плетёнка для тяжёлого джига. test_min_nan test_max_nan
74,Леска монофильная Owner Broad 0.20мм 100м,Мягкая леска с хорошим узловязанием.,370,Лески и шнуры,,,Леска монофильная Owner Broad 0.20мм 100м. Лески и шнуры. Мягкая леска с хорошим узловязанием. test_min_nan test_max_nan
75,Крючки Owner Mosquito Light №8 (20 шт),Острые лёгкие крючки для поплавочной ловли.,390,Крючки,,,Крючки Owner Mosquito Light №8 (20 шт). Крючки. Острые лёгкие крючки для поплавочной ловли. test_min_nan test_max_nan
76,Крючки Gamakatsu F-1 508 №10 (15 шт),Тонкие и прочные крючки для мотыля и опарыша.,280,Крючки,,,Крючки Gamakatsu F-1 508 №10 (15 шт). Крючки. Тонкие и прочные крючки для мотыля и опарыша. test_min_nan test_max_nan
77,Крючки Mustad 32648 IN №4 (10 шт),Кованые крючки для червя с бородкой.,210,Крючки,,,Крючки Mustad 32648 IN №4 (10 шт). Крючки. Кованые крючки для червя с бородкой. test_min_nan test_max_nan
78,Офсетные крючки VMC 7117 №2/0 (10 шт),Офсетники с широким зевом для крупного силикона.,450,Крючки,,,Офсетные крючки VMC 7117 №2/0 (10 шт). Крючки. Офсетники с широким зевом для крупного силикона. test_min_nan test_max_nan
79,Двойник Owner №6 (10 шт),Прочные двойники для оснащения воблеров и блёсен.,320,Крючки,,,Двойник Owner №6 (10 шт). Крючки. Прочные двойники для оснащения воблеров и блёсен. test_min_nan test_max_nan
80,Поплавок Colmic Cronos 2г,Спортивный поплавок с высокой чувствительностью.,180,Поплавки,,,Поплавок Colmic Cronos 2г. Поплавки. Спортивный поплавок с высокой чувствительностью. test_min_nan test_max_nan
81,Поплавок Maver Styl 1.5г,Лёгкий поплавок из бальзы для стоячей воды.,220,Поплавки,,,Поплавок Maver Styl 1.5г. Поплавки. Лёгкий поплавок из бальзы для стоячей воды. test_min_nan test_max_nan
82,Поплавок Preston Durafloat 2.5г,Плавающий поплавок с отличной видимостью.,160,Поплавки,,,Поплавок Preston Durafloat 2.5г. Поплавки. Плавающий поплавок с отличной видимостью. test_min_nan test_max_nan
83,Поплавок скользящий 5г универсальный,Скользящий поплавок для дальнего заброса.,140,Поплавки,,,Поплавок скользящий 5г универсальный. Поплавки. Скользящий поплавок для дальнего заброса. test_min_nan test_max_nan
84,Кормушка металлическая 30г (клетка),Классическая флет-кормушка для фидера.,190,Кормушки,,,Кормушка металлическая 30г (клетка). Кормушки. Классическая флет-кормушка для фидера. test_min_nan test_max_nan
85,Кормушка пластиковая 40г методная,Методная кормушка для быстрого прикармливания.,230,Кормушки,,,Кормушка пластиковая 40г методная. Кормушки. Методная кормушка для быстрого прикармливания. test_min_nan test_max_nan
86,Кормушка Feeder basket 20г,Лёгкая корзинка для стартового закорма.,160,Кормушки,,,Кормушка Feeder basket 20г. Кормушки. Лёгкая корзинка для стартового закорма. test_min_nan test_max_nan
87,Кормушка Method feeder 30г,Кормушка с плоским дном для стоячей воды.,210,Кормушки,,,Кормушка Method feeder 30г. Кормушки. Кормушка с плоским дном для стоячей воды. test_min_nan test_max_nan
88,Прикормка Trapper Лещ-Плотва 1кг,Готовая прикормка с ароматом ванили для леща.,390,Прикормка,,,Прикормка Trapper Лещ-Плотва 1кг. Прикормка. Готовая прикормка с ароматом ванили для леща. test_min_nan test_max_nan
89,Прикормка Dunaev Premium Фидер 1.5кг,Универсальная фидерная прикормка с крупной фракцией.,470,Прикормка,,,Прикормка Dunaev Premium Фидер 1.5кг. Прикормка. Универсальная фидерная прикормка с крупной фракцией. test_min_nan test_max_nan
90,Прикормка Sensas 3000 Match 2кг,Французская прикормка для матчевой ловли.,650,Прикормка,,,Прикормка Sensas 3000 Match 2кг. Прикормка. Французская прикормка для матчевой ловли. test_min_nan test_max_nan
91,Сапоги болотные Nordman X,Лёгкие и прочные вейдерсы для ходовой рыбалки.,4390,Одежда,,,Сапоги болотные Nordman X. Одежда. Лёгкие и прочные вейдерсы для ходовой рыбалки. test_min_nan test_max_nan
92,Перчатки Rapala Insulated зимние,Тёплые перчатки с отстёгивающимися пальцами.,1790,Одежда,,,Перчатки Rapala Insulated зимние. Одежда. Тёплые перчатки с отстёгивающимися пальцами. test_min_nan test_max_nan
93,Куртка летняя Daiwa Protection,Дышащая куртка с защитой от солнца и насекомых.,5890,Одежда,,,Куртка летняя Daiwa Protection. Одежда. Дышащая куртка с защитой от солнца и насекомых. test_min_nan test_max_nan
94,Садок резиновый 3м,Вместительный складной садок для сохранения улова.,1650,Аксессуары,,,Садок резиновый 3м. Аксессуары. Вместительный складной садок для сохранения улова. test_min_nan test_max_nan
95,Эхолот Garmin Striker Vivid 4cv,Компактный эхолот с цветным экраном и датчиком.,21900,Аксессуары,,,Эхолот Garmin Striker Vivid 4cv. Аксессуары. Компактный эхолот с цветным экраном и датчиком. test_min_nan test_max_nan
96,Сумка-холодильник Salmo 20л,Термосумка для сохранения улова и продуктов в жару.,3450,Аксессуары,,,Сумка-холодильник Salmo 20л. Аксессуары. Термосумка для сохранения улова и продуктов в жару. test_min_nan test_max_nan
97,Чехол для удилищ двуручный 1.6м,Мягкий чехол с карманами на две рукоятки.,1290,Аксессуары,,,Чехол для удилищ двуручный 1.6м. Аксессуары. Мягкий чехол с карманами на две рукоятки. test_min_nan test_max_nan
98,Багорик телескопический с пробковой рукояткой,Надёжный багорик для извлечения крупной щуки.,1150,Аксессуары,,,Багорик телескопический с пробковой рукояткой. Аксессуары. Надёжный багорик для извлечения крупной щуки. test_min_nan test_max_nan
99,Ножницы для лески Victorinox,Острые ножницы из нержавейки с чехлом.,1890,Инструменты,,,Ножницы для лески Victorinox. Инструменты. Острые ножницы из нержавейки с чехлом. test_min_nan test_max_nan
100,Плоскогубцы рыболовные с фиксатором,Многофункциональный инструмент для монтажа оснасток.,890,Инструменты,,,Плоскогубцы рыболовные с фиксатором. Инструменты. Многофункциональный инструмент для монтажа оснасток. test_min_nan test_max_nan
101,Спиннинг Graphiteleader Corto GLCCS-682L 2-10г,Высококачественный японский спиннинг для легкого джига.,18900,Спиннинги,2.0,10.0,Спиннинг Graphiteleader Corto GLCCS-682L 2-10г. Спиннинги. Высококачественный японский спиннинг для легкого джига. test_min_2.0 test_max_10.0
102,Спиннинг Norstream Areal 240 2-15г,Универсальный спиннинг для береговой ловли с быстрым строем.,8490,Спиннинги,2.0,15.0,Спиннинг Norstream Areal 240 2-15г. Спиннинги. Универсальный спиннинг для береговой ловли с быстрым строем. test_min_2.0 test_max_15.0
103,Спиннинг Maximus Dreamer 27L 3-18г,Дальнобойный спиннинг для микроджига и легких воблеров.,5990,Спиннинги,3.0,18.0,Спиннинг Maximus Dreamer 27L 3-18г. Спиннинги. Дальнобойный спиннинг для микроджига и легких воблеров. test_min_3.0 test_max_18.0
104,Спиннинг Black Hole Bassmania S-240 7-28г,Бюджетный спиннинг для ловли на воблеры и блесны.,3290,Спиннинги,7.0,28.0,Спиннинг Black Hole Bassmania S-240 7-28г. Спиннинги. Бюджетный спиннинг для ловли на воблеры и блесны. test_min_7.0 test_max_28.0
105,Спиннинг Zemex Bass Force 240M 10-38г,Мощный спиннинг для трофейной щуки и судака.,5190,Спиннинги,10.0,38.0,Спиннинг Zemex Bass Force 240M 10-38г. Спиннинги. Мощный спиннинг для трофейной щуки и судака. test_min_10.0 test_max_38.0
106,Спиннинг Major Craft K.G.Lights 23L 1-5г,Ультралайт премиум-класса для ловли форели.,9990,Спиннинги,1.0,5.0,Спиннинг Major Craft K.G.Lights 23L 1-5г. Спиннинги. Ультралайт премиум-класса для ловли форели. test_min_1.0 test_max_5.0
107,Катушка Shimano Ultegra 2500S,"Легкая катушка с холоднокованым ротором, плавный ход.",10990,Катушки,,,"Катушка Shimano Ultegra 2500S. Катушки. Легкая катушка с холоднокованым ротором, плавный ход. test_min_nan test_max_nan"
108,Катушка Daiwa Freams LT 2500D,Мощная и легкая катушка с технологией MagSealed.,11990,Катушки,,,Катушка Daiwa Freams LT 2500D. Катушки. Мощная и легкая катушка с технологией MagSealed. test_min_nan test_max_nan
109,Катушка Abu Garcia Elite Max 30,Надежная катушка с двойным тормозом для больших нагрузок.,8990,Катушки,,,Катушка Abu Garcia Elite Max 30. Катушки. Надежная катушка с двойным тормозом для больших нагрузок. test_min_nan test_max_nan
110,Катушка Ryobi Zauber 2000,Компактная катушка для ультралайта с фрикционом точной настройки.,4590,Катушки,,,Катушка Ryobi Zauber 2000. Катушки. Компактная катушка для ультралайта с фрикционом точной настройки. test_min_nan test_max_nan
111,Катушка Okuma RTX-30S,Скоростная катушка с облегченным ротором.,6290,Катушки,,,Катушка Okuma RTX-30S. Катушки. Скоростная катушка с облегченным ротором. test_min_nan test_max_nan
112,Катушка Favorite White Bird 2000,Бюджетная катушка с хорошей тягой для легких приманок.,2190,Катушки,,,Катушка Favorite White Bird 2000. Катушки. Бюджетная катушка с хорошей тягой для легких приманок. test_min_nan test_max_nan
113,Мультипликатор Shimano Curado DC 151,Мультипликаторная катушка с цифровой системой контроля заброса.,22900,Катушки,,,Мультипликатор Shimano Curado DC 151. Катушки. Мультипликаторная катушка с цифровой системой контроля заброса. test_min_nan test_max_nan
114,Мультипликатор Daiwa Tatula 100H,Популярный мультипликатор с системой T-Wing.,15990,Катушки,,,Мультипликатор Daiwa Tatula 100H. Катушки. Популярный мультипликатор с системой T-Wing. test_min_nan test_max_nan
115,Мультипликатор Abu Garcia Ambassadeur SX 5600,Классический круглый мультипликатор для тяжелого джига.,12490,Катушки,,,Мультипликатор Abu Garcia Ambassadeur SX 5600. Катушки. Классический круглый мультипликатор для тяжелого джига. test_min_nan test_max_nan
116,Мультипликатор Favorite Extractor 7.3:1,Скоростной мультипликатор для твичинга.,8790,Катушки,,,Мультипликатор Favorite Extractor 7.3:1. Катушки. Скоростной мультипликатор для твичинга. test_min_nan test_max_nan
117,Фидер Preston Monster Feeder 390 150г,Профессиональный фидер для ловли крупной рыбы.,12490,Фидеры,0.0,150.0,Фидер Preston Monster Feeder 390 150г. Фидеры. Профессиональный фидер для ловли крупной рыбы. test_min_0.0 test_max_150.0
118,Фидер Shimano Tribal TX-2 360 100г,Универсальный фидер с высокой чувствительностью вершинки.,9490,Фидеры,0.0,100.0,Фидер Shimano Tribal TX-2 360 100г. Фидеры. Универсальный фидер с высокой чувствительностью вершинки. test_min_0.0 test_max_100.0
119,Фидер Волжанка Мастер 420 180г,Мощный фидер для дальнего заброса на крупных реках.,6690,Фидеры,0.0,180.0,Фидер Волжанка Мастер 420 180г. Фидеры. Мощный фидер для дальнего заброса на крупных реках. test_min_0.0 test_max_180.0
120,Карповое удилище Fox Horizon XTC 120г,Премиальное карповое удилище с высокой прочностью.,18900,Карповые удилища,0.0,120.0,Карповое удилище Fox Horizon XTC 120г. Карповые удилища. Премиальное карповое удилище с высокой прочностью. test_min_0.0 test_max_120.0
121,Карповое удилище Shimano Tribal Velocity 130г,Универсальное удилище для карпятника.,11990,Карповые удилища,0.0,130.0,Карповое удилище Shimano Tribal Velocity 130г. Карповые удилища. Универсальное удилище для карпятника. test_min_0.0 test_max_130.0
122,Карповое удилище Mikado Carp Spirit 366 150г,Бюджетное карповое удилище с хорошим строем.,5490,Карповые удилища,0.0,150.0,Карповое удилище Mikado Carp Spirit 366 150г. Карповые удилища. Бюджетное карповое удилище с хорошим строем. test_min_0.0 test_max_150.0
123,Зимняя удочка Salmo Ice Fighter 60см,Легкая удочка для блеснения окуня.,1290,Зимние удочки,,,Зимняя удочка Salmo Ice Fighter 60см. Зимние удочки. Легкая удочка для блеснения окуня. test_min_nan test_max_nan
124,Зимняя удочка Lucky John MGS 55см,Удочка с кивком для ловли на мормышку.,890,Зимние удочки,,,Зимняя удочка Lucky John MGS 55см. Зимние удочки. Удочка с кивком для ловли на мормышку. test_min_nan test_max_nan
125,Зимняя удочка Stinger Power Ice 70см,Мощная удочка для балансира и крупной щуки.,1590,Зимние удочки,,,Зимняя удочка Stinger Power Ice 70см. Зимние удочки. Мощная удочка для балансира и крупной щуки. test_min_nan test_max_nan
126,Воблер OSP Rudra 130SP,Крупный составной воблер для трофейной щуки.,2200,Воблеры,,,Воблер OSP Rudra 130SP. Воблеры. Крупный составной воблер для трофейной щуки. test_min_nan test_max_nan
127,Воблер Ever Green M-1 Invisible 80,Уловистый воблер-минноу нейтральной плавучести.,1600,Воблеры,,,Воблер Ever Green M-1 Invisible 80. Воблеры. Уловистый воблер-минноу нейтральной плавучести. test_min_nan test_max_nan
128,Воблер Pontoon 21 Crackjack 78MR,Дальнобойный воблер с активной игрой.,1100,Воблеры,,,Воблер Pontoon 21 Crackjack 78MR. Воблеры. Дальнобойный воблер с активной игрой. test_min_nan test_max_nan
129,Воблер Lucky Craft Pointer 100SP,Классический суспендер для твичинга судака.,1500,Воблеры,,,Воблер Lucky Craft Pointer 100SP. Воблеры. Классический суспендер для твичинга судака. test_min_nan test_max_nan
130,Воблер Rapala Shadow Rap 11см,Плавающий воблер для ловли на мелководье.,1350,Воблеры,,,Воблер Rapala Shadow Rap 11см. Воблеры. Плавающий воблер для ловли на мелководье. test_min_nan test_max_nan
131,"Силикон Bass Assassin 4"" (10 шт)",Универсальный виброхвост с интенсивной игрой.,690,Приманки,,,"Силикон Bass Assassin 4"" (10 шт). Приманки. Универсальный виброхвост с интенсивной игрой. test_min_nan test_max_nan"
132,"Слаг Reins Palpunt 4"" (8 шт)",Имитация малька с пассивной игрой для пассивного хищника.,850,Приманки,,,"Слаг Reins Palpunt 4"" (8 шт). Приманки. Имитация малька с пассивной игрой для пассивного хищника. test_min_nan test_max_nan"
133,"Силиконовая креатура Geecrack Bellows Gill 3.8"" (6 шт)",Реалистичная имитация лягушки для ловли щуки.,980,Приманки,,,"Силиконовая креатура Geecrack Bellows Gill 3.8"" (6 шт). Приманки. Реалистичная имитация лягушки для ловли щуки. test_min_nan test_max_nan"
134,Поролоновая рыбка Акелла 6см (5 шт),Судаковая поролонка с отличной плавучестью.,420,Приманки,,,Поролоновая рыбка Акелла 6см (5 шт). Приманки. Судаковая поролонка с отличной плавучестью. test_min_nan test_max_nan
135,"Силикон Kosadaka Revolt 3.5"" (10 шт)",Съедобный силикон с запахом чеснока.,550,Приманки,,,"Силикон Kosadaka Revolt 3.5"" (10 шт). Приманки. Съедобный силикон с запахом чеснока. test_min_nan test_max_nan"
136,Колебалка Kuusamo Professor 3 18г,Финская колебалка с уникальной игрой для щуки.,950,Блесны,,,Колебалка Kuusamo Professor 3 18г. Блесны. Финская колебалка с уникальной игрой для щуки. test_min_nan test_max_nan
137,Вертушка Myran Tinsel 12г,Шведская вращалка с красной шерстинкой.,520,Блесны,,,Вертушка Myran Tinsel 12г. Блесны. Шведская вращалка с красной шерстинкой. test_min_nan test_max_nan
138,Блесна Acme Kastmaster 7г,Универсальная блесна для дальнего заброса.,380,Блесны,,,Блесна Acme Kastmaster 7г. Блесны. Универсальная блесна для дальнего заброса. test_min_nan test_max_nan
139,Балансир Rapala Jigging Rap 5см 9г,Уловистый балансир для зимней ловли окуня и судака.,780,Балансиры,,,Балансир Rapala Jigging Rap 5см 9г. Балансиры. Уловистый балансир для зимней ловли окуня и судака. test_min_nan test_max_nan
140,Балансир Lucky John Classic 4см 10г,Балансир с широкой амплитудой игры.,490,Балансиры,,,Балансир Lucky John Classic 4см 10г. Балансиры. Балансир с широкой амплитудой игры. test_min_nan test_max_nan
141,Балансир Scorana Ice Crystal 5см 12г,Балансир с яркой голограммой для привлечения хищника.,650,Балансиры,,,Балансир Scorana Ice Crystal 5см 12г. Балансиры. Балансир с яркой голограммой для привлечения хищника. test_min_nan test_max_nan
142,Мормышка капля 0.5г вольфрам,Тяжелая мормышка для ловли на глубине.,95,Мормышки,,,Мормышка капля 0.5г вольфрам. Мормышки. Тяжелая мормышка для ловли на глубине. test_min_nan test_max_nan
143,Мормышка Salmo Diamond Moth 0.3г,Безмотыльная мормышка с бриллиантовой огранкой.,120,Мормышки,,,Мормышка Salmo Diamond Moth 0.3г. Мормышки. Безмотыльная мормышка с бриллиантовой огранкой. test_min_nan test_max_nan
144,Мормышка Lucky John GLK 0.6г,Крупная мормышка с крючком Owner.,110,Мормышки,,,Мормышка Lucky John GLK 0.6г. Мормышки. Крупная мормышка с крючком Owner. test_min_nan test_max_nan
145,Плетеный шнур Daiwa J-Braid 8x 0.13мм 150м,Восьмижильная плетенка с круглым сечением.,1490,Лески и шнуры,,,Плетеный шнур Daiwa J-Braid 8x 0.13мм 150м. Лески и шнуры. Восьмижильная плетенка с круглым сечением. test_min_nan test_max_nan
146,Флюорокарбон Owner Fluoro 0.235мм 50м,Жесткий флюорокарбон для поводков.,620,Лески и шнуры,,,Флюорокарбон Owner Fluoro 0.235мм 50м. Лески и шнуры. Жесткий флюорокарбон для поводков. test_min_nan test_max_nan
147,Крючки Kamasan B560 №6 (10 шт),Прочные крючки для фидера и поплавка.,290,Крючки,,,Крючки Kamasan B560 №6 (10 шт). Крючки. Прочные крючки для фидера и поплавка. test_min_nan test_max_nan
148,Крючки карповые Gardner Mugga 2 (10 шт),Усиленные крючки с тефлоновым покрытием.,420,Крючки,,,Крючки карповые Gardner Mugga 2 (10 шт). Крючки. Усиленные крючки с тефлоновым покрытием. test_min_nan test_max_nan
149,Крючки Owner 53144 №12 (15 шт),Тонкие крючки для мотыля.,250,Крючки,,,Крючки Owner 53144 №12 (15 шт). Крючки. Тонкие крючки для мотыля. test_min_nan test_max_nan
150,Поплавок Drennan Crystal 2г,Прозрачный поплавок с хорошей остойчивостью.,210,Поплавки,,,Поплавок Drennan Crystal 2г. Поплавки. Прозрачный поплавок с хорошей остойчивостью. test_min_nan test_max_nan
151,Поплавок Tubertini Minifloat 1г,Миниатюрный поплавок для штекерной ловли.,190,Поплавки,,,Поплавок Tubertini Minifloat 1г. Поплавки. Миниатюрный поплавок для штекерной ловли. test_min_nan test_max_nan
152,Кормушка-пуля Preston 20г,Обтекаемая кормушка для дальнего заброса.,175,Кормушки,,,Кормушка-пуля Preston 20г. Кормушки. Обтекаемая кормушка для дальнего заброса. test_min_nan test_max_nan
153,Кормушка флэт методная 45г средняя,Методная кормушка с огрузкой.,240,Кормушки,,,Кормушка флэт методная 45г средняя. Кормушки. Методная кормушка с огрузкой. test_min_nan test_max_nan
154,Прикормка Dynamite Baits Swim Stim Betaine Green 1кг,Английская прикормка с бетаином для карпа.,590,Прикормка,,,Прикормка Dynamite Baits Swim Stim Betaine Green 1кг. Прикормка. Английская прикормка с бетаином для карпа. test_min_nan test_max_nan
155,Прикормка Browning Black Viper 1кг,Универсальная прикормка темного цвета.,420,Прикормка,,,Прикормка Browning Black Viper 1кг. Прикормка. Универсальная прикормка темного цвета. test_min_nan test_max_nan
156,Зимний костюм Shimano Kairiki,Теплый костюм с мембраной для суровых условий.,22500,Одежда,,,Зимний костюм Shimano Kairiki. Одежда. Теплый костюм с мембраной для суровых условий. test_min_nan test_max_nan
157,Летние брюки Daiwa Airdrive,Легкие дышащие брюки с защитой от УФ.,4990,Одежда,,,Летние брюки Daiwa Airdrive. Одежда. Легкие дышащие брюки с защитой от УФ. test_min_nan test_max_nan
158,Куртка флисовая Norfin Wild,Утепляющий слой для межсезонья.,3890,Одежда,,,Куртка флисовая Norfin Wild. Одежда. Утепляющий слой для межсезонья. test_min_nan test_max_nan
159,Вейдерсы водостойкие Rapala Vario 2,Полукомбинезон из неопрена 3 мм.,8990,Одежда,,,Вейдерсы водостойкие Rapala Vario 2. Одежда. Полукомбинезон из неопрена 3 мм. test_min_nan test_max_nan
160,Садок пластиковый 2.5м,Плавающий садок с мелкой ячеей.,1450,Аксессуары,,,Садок пластиковый 2.5м. Аксессуары. Плавающий садок с мелкой ячеей. test_min_nan test_max_nan
161,Подсак Fox Rage Predator 90см,Подсак с прорезиненной сеткой для хищника.,3890,Аксессуары,,,Подсак Fox Rage Predator 90см. Аксессуары. Подсак с прорезиненной сеткой для хищника. test_min_nan test_max_nan
162,Стойка под удилище Carp Zoom 2 шт.,Регулируемые стойки с сигнализатором.,1790,Аксессуары,,,Стойка под удилище Carp Zoom 2 шт.. Аксессуары. Регулируемые стойки с сигнализатором. test_min_nan test_max_nan
163,Сигнализатор поклевки Fox Mini Micron,Электронный сигнализатор с регулировкой громкости.,2690,Аксессуары,,,Сигнализатор поклевки Fox Mini Micron. Аксессуары. Электронный сигнализатор с регулировкой громкости. test_min_nan test_max_nan
164,Эхолот Lowrance Hook Reveal 5,Эхолот с GPS и картплоттером.,34900,Аксессуары,,,Эхолот Lowrance Hook Reveal 5. Аксессуары. Эхолот с GPS и картплоттером. test_min_nan test_max_nan
165,Зарядное устройство для аккумуляторов Norfin 12V,Интеллектуальное зарядное устройство.,2190,Аксессуары,,,Зарядное устройство для аккумуляторов Norfin 12V. Аксессуары. Интеллектуальное зарядное устройство. test_min_nan test_max_nan
166,Ящик для снастей Meiho VS-708,Компактный ящик с перегородками.,890,Аксессуары,,,Ящик для снастей Meiho VS-708. Аксессуары. Компактный ящик с перегородками. test_min_nan test_max_nan
167,Сумка поясная для приманок Flambeau,Удобная сумка с отделениями.,1550,Аксессуары,,,Сумка поясная для приманок Flambeau. Аксессуары. Удобная сумка с отделениями. test_min_nan test_max_nan
168,Чехол для катушек Daiwa,Защитный неопреновый чехол.,750,Аксессуары,,,Чехол для катушек Daiwa. Аксессуары. Защитный неопреновый чехол. test_min_nan test_max_nan
169,Экстрактор хирургический 25см,Инструмент для извлечения крючков.,380,Аксессуары,,,Экстрактор хирургический 25см. Аксессуары. Инструмент для извлечения крючков. test_min_nan test_max_nan
170,Грузила каплевидные 10-30г набор,Набор грузил для джига.,490,Аксессуары,,,Грузила каплевидные 10-30г набор. Аксессуары. Набор грузил для джига. test_min_nan test_max_nan
171,Поводки стальные 15см (10 шт),Надежные поводки для щуки.,320,Аксессуары,,,Поводки стальные 15см (10 шт). Аксессуары. Надежные поводки для щуки. test_min_nan test_max_nan
172,Ножницы для плетенки Cuda,Титановые ножницы с чехлом.,1290,Инструменты,,,Ножницы для плетенки Cuda. Инструменты. Титановые ножницы с чехлом. test_min_nan test_max_nan
173,Щипцы для снятия крючков Fox Rage,Длинные щипцы с фиксатором.,790,Инструменты,,,Щипцы для снятия крючков Fox Rage. Инструменты. Длинные щипцы с фиксатором. test_min_nan test_max_nan
174,Палатка зимняя Norfin Winter 2-мест.,Быстросборная палатка с утепленным дном.,11500,Палатки,,,Палатка зимняя Norfin Winter 2-мест.. Палатки. Быстросборная палатка с утепленным дном. test_min_nan test_max_nan
175,Палатка летняя Carp Zoom Easy Shelter,Легкая палатка для карпфишинга.,6990,Палатки,,,Палатка летняя Carp Zoom Easy Shelter. Палатки. Легкая палатка для карпфишинга. test_min_nan test_max_nan
176,Видеокамера для рыбалки GoFish Cam,Подводная камера для съемки поклевок.,8900,Электроника,,,Видеокамера для рыбалки GoFish Cam. Электроника. Подводная камера для съемки поклевок. test_min_nan test_max_nan
177,Спиннинг G.Loomis E6X 240 5-15г,Премиальный американский спиннинг с высокой чувствительностью.,27900,Спиннинги,5.0,15.0,Спиннинг G.Loomis E6X 240 5-15г. Спиннинги. Премиальный американский спиннинг с высокой чувствительностью. test_min_5.0 test_max_15.0
178,Катушка Penn Battle III 2500,Мощная катушка для морской и пресноводной ловли.,7990,Катушки,,,Катушка Penn Battle III 2500. Катушки. Мощная катушка для морской и пресноводной ловли. test_min_nan test_max_nan
179,Воблер Duo Realis Jerkbait 120SP,Составной воблер с размашистой игрой.,1450,Воблеры,,,Воблер Duo Realis Jerkbait 120SP. Воблеры. Составной воблер с размашистой игрой. test_min_nan test_max_nan
180,"Силикон Gary Yamamoto Senko 5"" (7 шт)",Знаменитый червь для техасской оснастки.,650,Приманки,,,"Силикон Gary Yamamoto Senko 5"" (7 шт). Приманки. Знаменитый червь для техасской оснастки. test_min_nan test_max_nan"
181,Сумка для удилищ Lucky John 1.5м,Мягкая сумка на два отделения.,1390,Аксессуары,,,Сумка для удилищ Lucky John 1.5м. Аксессуары. Мягкая сумка на два отделения. test_min_nan test_max_nan
182,Застёжка-карабин Owner №1 (10 шт),Надёжные застёжки для быстрой смены приманок.,290,Аксессуары,,,Застёжка-карабин Owner №1 (10 шт). Аксессуары. Надёжные застёжки для быстрой смены приманок. test_min_nan test_max_nan
183,Спиннинг Norstream Areal New 270 3-18г,Обновлённая версия популярного спиннинга с быстрым строем.,8990,Спиннинги,3.0,18.0,Спиннинг Norstream Areal New 270 3-18г. Спиннинги. Обновлённая версия популярного спиннинга с быстрым строем. test_min_3.0 test_max_18.0
184,Спиннинг Favorite X1 Ultra 210 1-7г,Ультралайтовый спиннинг для деликатных приманок.,3490,Спиннинги,1.0,7.0,Спиннинг Favorite X1 Ultra 210 1-7г. Спиннинги. Ультралайтовый спиннинг для деликатных приманок. test_min_1.0 test_max_7.0
185,Спиннинг Zemex Spider Pro 270 10-32г,Универсальный спиннинг с большим тестом для трофейной рыбы.,5090,Спиннинги,10.0,32.0,Спиннинг Zemex Spider Pro 270 10-32г. Спиннинги. Универсальный спиннинг с большим тестом для трофейной рыбы. test_min_10.0 test_max_32.0
186,Спиннинг Black Hole NS Matrix II 240 5-21г,Второе поколение лёгкого и сбалансированного спиннинга.,5890,Спиннинги,5.0,21.0,Спиннинг Black Hole NS Matrix II 240 5-21г. Спиннинги. Второе поколение лёгкого и сбалансированного спиннинга. test_min_5.0 test_max_21.0
187,Спиннинг Major Craft Solpara SPS-S240ML 5-20г,Надёжный спиннинг с чувствительным бланком для джига.,7690,Спиннинги,5.0,20.0,Спиннинг Major Craft Solpara SPS-S240ML 5-20г. Спиннинги. Надёжный спиннинг с чувствительным бланком для джига. test_min_5.0 test_max_20.0
188,Спиннинг Stinger Manic 27 10-30г,Бюджетный спиннинг быстрого строя для береговой ловли.,2790,Спиннинги,10.0,30.0,Спиннинг Stinger Manic 27 10-30г. Спиннинги. Бюджетный спиннинг быстрого строя для береговой ловли. test_min_10.0 test_max_30.0
189,Спиннинг Maximus Black Widow 24L 5-18г,Лёгкий и звонкий спиннинг для твичинга и лёгкого джига.,4490,Спиннинги,5.0,18.0,Спиннинг Maximus Black Widow 24L 5-18г. Спиннинги. Лёгкий и звонкий спиннинг для твичинга и лёгкого джига. test_min_5.0 test_max_18.0
190,Спиннинг Kosadaka Menace 270 15-45г,Мощный спиннинг для крупных приманок и трофейной щуки.,3690,Спиннинги,15.0,45.0,Спиннинг Kosadaka Menace 270 15-45г. Спиннинги. Мощный спиннинг для крупных приманок и трофейной щуки. test_min_15.0 test_max_45.0
191,Спиннинг Lucky John Progress Jig 27 10-30г,Универсальный спиннинг средне-быстрого строя.,4590,Спиннинги,10.0,30.0,Спиннинг Lucky John Progress Jig 27 10-30г. Спиннинги. Универсальный спиннинг средне-быстрого строя. test_min_10.0 test_max_30.0
192,Спиннинг Graphiteleader Aspro 210 2-12г,Премиальный лёгкий спиннинг для микроджига и воблеров.,21500,Спиннинги,2.0,12.0,Спиннинг Graphiteleader Aspro 210 2-12г. Спиннинги. Премиальный лёгкий спиннинг для микроджига и воблеров. test_min_2.0 test_max_12.0
193,Спиннинг Abu Garcia Veritas 240 7-28г,Прочный и лёгкий спиннинг с технологией Powerlux.,8990,Спиннинги,7.0,28.0,Спиннинг Abu Garcia Veritas 240 7-28г. Спиннинги. Прочный и лёгкий спиннинг с технологией Powerlux. test_min_7.0 test_max_28.0
194,Катушка Shimano Vanford 2500,Лёгкая и мощная катушка с фрикционом MGL.,15490,Катушки,,,Катушка Shimano Vanford 2500. Катушки. Лёгкая и мощная катушка с фрикционом MGL. test_min_nan test_max_nan
195,Катушка Daiwa Ballistic LT 2500D,Профессиональная катушка с технологией Zaion.,14990,Катушки,,,Катушка Daiwa Ballistic LT 2500D. Катушки. Профессиональная катушка с технологией Zaion. test_min_nan test_max_nan
196,Катушка Abu Garcia Revo Rocket 30,Скоростная катушка (7.6:1) для активной ловли.,10990,Катушки,,,Катушка Abu Garcia Revo Rocket 30. Катушки. Скоростная катушка (7.6:1) для активной ловли. test_min_nan test_max_nan
197,Катушка Ryobi Exia MX 3000,Обновлённая версия с улучшенной укладкой лески.,3990,Катушки,,,Катушка Ryobi Exia MX 3000. Катушки. Обновлённая версия с улучшенной укладкой лески. test_min_nan test_max_nan
198,Катушка Okuma Ceymar XT 30,Бюджетная катушка с дисковым тормозом.,4690,Катушки,,,Катушка Okuma Ceymar XT 30. Катушки. Бюджетная катушка с дисковым тормозом. test_min_nan test_max_nan
199,Катушка Favorite White Bird 3000,Надёжная бюджетная катушка для средних нагрузок.,2590,Катушки,,,Катушка Favorite White Bird 3000. Катушки. Надёжная бюджетная катушка для средних нагрузок. test_min_nan test_max_nan
200,Катушка Tsurinoya Spirit Fox 3000,Популярная катушка с отличной тягой для джига.,4890,Катушки,,,Катушка Tsurinoya Spirit Fox 3000. Катушки. Популярная катушка с отличной тягой для джига. test_min_nan test_max_nan
201,Катушка Spro Zalt X 2500,Усовершенствованная модель с усиленным механизмом.,7290,Катушки,,,Катушка Spro Zalt X 2500. Катушки. Усовершенствованная модель с усиленным механизмом. test_min_nan test_max_nan
202,Катушка Stinger Power 4000,Бюджетная катушка для тяжёлого джига.,2990,Катушки,,,Катушка Stinger Power 4000. Катушки. Бюджетная катушка для тяжёлого джига. test_min_nan test_max_nan
203,Катушка Mitchell 300 Pro,Современная классика с плавным ходом.,5590,Катушки,,,Катушка Mitchell 300 Pro. Катушки. Современная классика с плавным ходом. test_min_nan test_max_nan
204,Катушка Penn Battle III 3000,Мощная катушка для морской и пресноводной ловли.,8490,Катушки,,,Катушка Penn Battle III 3000. Катушки. Мощная катушка для морской и пресноводной ловли. test_min_nan test_max_nan
205,Катушка Shimano Sahara FJ 2500,Обновлённая бюджетная катушка с холоднокованым ротором.,7490,Катушки,,,Катушка Shimano Sahara FJ 2500. Катушки. Обновлённая бюджетная катушка с холоднокованым ротором. test_min_nan test_max_nan
206,Фидер Salmo Sniper Feeder 420 150г,Мощный фидер для дальнего заброса кормушек до 150г.,6490,Фидеры,0.0,150.0,Фидер Salmo Sniper Feeder 420 150г. Фидеры. Мощный фидер для дальнего заброса кормушек до 150г. test_min_0.0 test_max_150.0
207,Фидер Волжанка Оптима 420 180г,Удлинённый фидер для ловли на крупных водоёмах.,5690,Фидеры,0.0,180.0,Фидер Волжанка Оптима 420 180г. Фидеры. Удлинённый фидер для ловли на крупных водоёмах. test_min_0.0 test_max_180.0
208,Фидер Shimano Beastmaster Feeder 420 140г,Премиальный фидер с идеальной сенсорикой.,14490,Фидеры,0.0,140.0,Фидер Shimano Beastmaster Feeder 420 140г. Фидеры. Премиальный фидер с идеальной сенсорикой. test_min_0.0 test_max_140.0
209,Фидер Daiwa Whisker 390 120г,Лёгкий и точный фидер для стоячей воды.,8990,Фидеры,0.0,120.0,Фидер Daiwa Whisker 390 120г. Фидеры. Лёгкий и точный фидер для стоячей воды. test_min_0.0 test_max_120.0
210,Фидер Preston Monster Feeder 420 180г,Профессиональный фидер для трофейной рыбы.,13490,Фидеры,0.0,180.0,Фидер Preston Monster Feeder 420 180г. Фидеры. Профессиональный фидер для трофейной рыбы. test_min_0.0 test_max_180.0
211,Фидер Browning Black Viper 390 120г,Универсальный фидер с быстрым строем.,7990,Фидеры,0.0,120.0,Фидер Browning Black Viper 390 120г. Фидеры. Универсальный фидер с быстрым строем. test_min_0.0 test_max_120.0
212,Карповое удилище Fox Horizon XTC 150г,Премиальное удилище с высокой прочностью.,19900,Карповые удилища,0.0,150.0,Карповое удилище Fox Horizon XTC 150г. Карповые удилища. Премиальное удилище с высокой прочностью. test_min_0.0 test_max_150.0
213,Карповое удилище Shimano Tribal Velocity 160г,Универсальное удилище для карпятника.,12990,Карповые удилища,0.0,160.0,Карповое удилище Shimano Tribal Velocity 160г. Карповые удилища. Универсальное удилище для карпятника. test_min_0.0 test_max_160.0
214,Карповое удилище Mikado Carp Spirit 396 180г,Бюджетное удилище с параболическим строем.,5890,Карповые удилища,0.0,180.0,Карповое удилище Mikado Carp Spirit 396 180г. Карповые удилища. Бюджетное удилище с параболическим строем. test_min_0.0 test_max_180.0
215,Карповое удилище Daiwa Longbow 360 120г,Лёгкое удилище с отличной бросковостью.,10990,Карповые удилища,0.0,120.0,Карповое удилище Daiwa Longbow 360 120г. Карповые удилища. Лёгкое удилище с отличной бросковостью. test_min_0.0 test_max_120.0
216,Карповое удилище Sonik SKS 366 150г,Надёжное удилище с высококачественной фурнитурой.,8990,Карповые удилища,0.0,150.0,Карповое удилище Sonik SKS 366 150г. Карповые удилища. Надёжное удилище с высококачественной фурнитурой. test_min_0.0 test_max_150.0
217,Карповое удилище JRC Contact 360 130г,Проверенное временем карповое удилище.,7490,Карповые удилища,0.0,130.0,Карповое удилище JRC Contact 360 130г. Карповые удилища. Проверенное временем карповое удилище. test_min_0.0 test_max_130.0
218,Зимняя удочка Rapala Ice Pro 60см 2-6г,Лёгкая удочка для блеснения окуня с чувствительным кивком.,1490,Зимние удочки,2.0,6.0,Зимняя удочка Rapala Ice Pro 60см 2-6г. Зимние удочки. Лёгкая удочка для блеснения окуня с чувствительным кивком. test_min_2.0 test_max_6.0
219,Зимняя удочка Lucky John MGS Ice 60см 1-4г,Удочка с кивком для деликатной ловли на мормышку.,990,Зимние удочки,1.0,4.0,Зимняя удочка Lucky John MGS Ice 60см 1-4г. Зимние удочки. Удочка с кивком для деликатной ловли на мормышку. test_min_1.0 test_max_4.0
220,Зимняя удочка Stinger Power Ice Pro 70см 4-10г,Мощная удочка для балансира и крупной щуки.,1790,Зимние удочки,4.0,10.0,Зимняя удочка Stinger Power Ice Pro 70см 4-10г. Зимние удочки. Мощная удочка для балансира и крупной щуки. test_min_4.0 test_max_10.0
221,Зимняя удочка Salmo Ice Rod 50см 1-5г,Компактная удочка для ловли в палатке.,1190,Зимние удочки,1.0,5.0,Зимняя удочка Salmo Ice Rod 50см 1-5г. Зимние удочки. Компактная удочка для ловли в палатке. test_min_1.0 test_max_5.0
222,Зимняя удочка Favorite Frost 55см 2-8г,Универсальная зимняя удочка для блёсен и балансиров.,1390,Зимние удочки,2.0,8.0,Зимняя удочка Favorite Frost 55см 2-8г. Зимние удочки. Универсальная зимняя удочка для блёсен и балансиров. test_min_2.0 test_max_8.0
223,Воблер ZipBaits Rigge 70S,Тонущий воблер для скоростного твичинга.,1350,Воблеры,,,Воблер ZipBaits Rigge 70S. Воблеры. Тонущий воблер для скоростного твичинга. test_min_nan test_max_nan
224,Воблер OSP Varuna 110SP,Суспендер с размашистой игрой для щуки.,2100,Воблеры,,,Воблер OSP Varuna 110SP. Воблеры. Суспендер с размашистой игрой для щуки. test_min_nan test_max_nan
225,Воблер Ever Green Showerblows 105,Поверхностный воблер для ловли над травой.,1700,Воблеры,,,Воблер Ever Green Showerblows 105. Воблеры. Поверхностный воблер для ловли над травой. test_min_nan test_max_nan
226,Воблер Pontoon 21 Bet-A 70F,Плавающий воблер с активной игрой для окуня.,900,Воблеры,,,Воблер Pontoon 21 Bet-A 70F. Воблеры. Плавающий воблер с активной игрой для окуня. test_min_nan test_max_nan
227,Воблер Lucky Craft Flash Pointer 115MR,Дальнобойный суспендер для морских и речных хищников.,1550,Воблеры,,,Воблер Lucky Craft Flash Pointer 115MR. Воблеры. Дальнобойный суспендер для морских и речных хищников. test_min_nan test_max_nan
228,Воблер Rapala BX Minnow 10,Воблер из бальсы с живой игрой для трофейной щуки.,1450,Воблеры,,,Воблер Rapala BX Minnow 10. Воблеры. Воблер из бальсы с живой игрой для трофейной щуки. test_min_nan test_max_nan
229,Воблер Megabass Giant Dog-X,Крупный поппер для зрелищных поклёвок.,1950,Воблеры,,,Воблер Megabass Giant Dog-X. Воблеры. Крупный поппер для зрелищных поклёвок. test_min_nan test_max_nan
230,Воблер Jackall Rerange 110,Высокотехнологичный воблер с магнитной системой дальнего заброса.,1800,Воблеры,,,Воблер Jackall Rerange 110. Воблеры. Высокотехнологичный воблер с магнитной системой дальнего заброса. test_min_nan test_max_nan
231,Воблер Daiwa Lezard 85SP,Суспендер с реалистичной формой малька.,1350,Воблеры,,,Воблер Daiwa Lezard 85SP. Воблеры. Суспендер с реалистичной формой малька. test_min_nan test_max_nan
232,Воблер Googan Squad Scout 4.0,Плавающий воблер с шумовой камерой.,980,Воблеры,,,Воблер Googan Squad Scout 4.0. Воблеры. Плавающий воблер с шумовой камерой. test_min_nan test_max_nan
233,"Виброхвост Keitech Fat Swing Impact 4.8"" (10 шт)",Широкое тело и мощная игра для крупного хищника.,1150,Приманки,,,"Виброхвост Keitech Fat Swing Impact 4.8"" (10 шт). Приманки. Широкое тело и мощная игра для крупного хищника. test_min_nan test_max_nan"
234,"Твистер Relax Twister 3"" (10 шт)",Миниатюрный твистер для окуня и форели.,480,Приманки,,,"Твистер Relax Twister 3"" (10 шт). Приманки. Миниатюрный твистер для окуня и форели. test_min_nan test_max_nan"
235,"Слаг Kosadaka Diesel Slug 4"" (8 шт)",Пассивная приманка для ловли пассивного хищника.,510,Приманки,,,"Слаг Kosadaka Diesel Slug 4"" (8 шт). Приманки. Пассивная приманка для ловли пассивного хищника. test_min_nan test_max_nan"
236,"Силикон Berkley PowerBait MaxScent Flat Worm 4.25"" (6 шт)","Плоский червь с запахом, привлекающий рыбу.",920,Приманки,,,"Силикон Berkley PowerBait MaxScent Flat Worm 4.25"" (6 шт). Приманки. Плоский червь с запахом, привлекающий рыбу. test_min_nan test_max_nan"
237,"Виброхвост Bass Assassin Turbo Shad 5"" (8 шт)",Крупный виброхвост с интенсивной игрой.,790,Приманки,,,"Виброхвост Bass Assassin Turbo Shad 5"" (8 шт). Приманки. Крупный виброхвост с интенсивной игрой. test_min_nan test_max_nan"
238,"Силиконовый рак Keitech Sexy Impact 3"" (6 шт)",Реалистичная имитация рака для джига.,880,Приманки,,,"Силиконовый рак Keitech Sexy Impact 3"" (6 шт). Приманки. Реалистичная имитация рака для джига. test_min_nan test_max_nan"
239,Поролоновая рыбка Акелла 8см (5 шт),Крупная поролонка для трофейного судака.,460,Приманки,,,Поролоновая рыбка Акелла 8см (5 шт). Приманки. Крупная поролонка для трофейного судака. test_min_nan test_max_nan
240,"Силиконовая креатура Geecrack Bellows Gill 4.8"" (6 шт)",Увеличенная имитация лягушки для летней ловли.,1050,Приманки,,,"Силиконовая креатура Geecrack Bellows Gill 4.8"" (6 шт). Приманки. Увеличенная имитация лягушки для летней ловли. test_min_nan test_max_nan"
241,Колебалка Atom 15г,Легендарная советская колебалка с широкой игрой.,420,Блесны,,,Колебалка Atom 15г. Блесны. Легендарная советская колебалка с широкой игрой. test_min_nan test_max_nan
242,Вертушка Mepps Aglia Long №3 медь,Дальнобойная вращалка с медным лепестком.,470,Блесны,,,Вертушка Mepps Aglia Long №3 медь. Блесны. Дальнобойная вращалка с медным лепестком. test_min_nan test_max_nan
243,Колебалка Abu Garcia Pike 25г,Тяжёлая колебалка для глубинной ловли щуки.,820,Блесны,,,Колебалка Abu Garcia Pike 25г. Блесны. Тяжёлая колебалка для глубинной ловли щуки. test_min_nan test_max_nan
244,Блесна Acme Little Cleo 10г,Универсальная колебалка для форели и окуня.,410,Блесны,,,Блесна Acme Little Cleo 10г. Блесны. Универсальная колебалка для форели и окуня. test_min_nan test_max_nan
245,Балансир Nils Master Jigging Shad 5см 12г,Финский балансир с объёмной игрой.,850,Балансиры,,,Балансир Nils Master Jigging Shad 5см 12г. Балансиры. Финский балансир с объёмной игрой. test_min_nan test_max_nan
246,Балансир Striker Turbo 4см 10г,Компактный балансир для окуня.,520,Балансиры,,,Балансир Striker Turbo 4см 10г. Балансиры. Компактный балансир для окуня. test_min_nan test_max_nan
247,Мормышка диск 0.4г вольфрам,Плоская мормышка для безмотыльной ловли.,100,Мормышки,,,Мормышка диск 0.4г вольфрам. Мормышки. Плоская мормышка для безмотыльной ловли. test_min_nan test_max_nan
248,Плетеный шнур Shimano Kairiki 8 0.10мм 150м,Восьмижильная плетёнка с высокой абразивостойкостью.,1690,Лески и шнуры,,,Плетеный шнур Shimano Kairiki 8 0.10мм 150м. Лески и шнуры. Восьмижильная плетёнка с высокой абразивостойкостью. test_min_nan test_max_nan
249,Леска монофильная Daiwa Sensor 0.22мм 150м,Прозрачная монофильная леска с отличной прочностью.,450,Лески и шнуры,,,Леска монофильная Daiwa Sensor 0.22мм 150м. Лески и шнуры. Прозрачная монофильная леска с отличной прочностью. test_min_nan test_max_nan
250,Флюорокарбон Sunline Sniper BMS 0.26мм 50м,Мягкий и невидимый в воде флюорокарбон.,720,Лески и шнуры,,,Флюорокарбон Sunline Sniper BMS 0.26мм 50м. Лески и шнуры. Мягкий и невидимый в воде флюорокарбон. test_min_nan test_max_nan
251,Шнур плетёный Varivas High Grade PE 0.8 150м,Японская плетёнка премиум-класса с круглым сечением.,2390,Лески и шнуры,,,Шнур плетёный Varivas High Grade PE 0.8 150м. Лески и шнуры. Японская плетёнка премиум-класса с круглым сечением. test_min_nan test_max_nan
252,Леска монофильная Trabucco Strong 0.30мм 150м,Усиленная монофильная леска для карповой ловли.,520,Лески и шнуры,,,Леска монофильная Trabucco Strong 0.30мм 150м. Лески и шнуры. Усиленная монофильная леска для карповой ловли. test_min_nan test_max_nan
253,Крючки Owner 50922 №8 (15 шт),Тонкие крючки для поплавочной ловли.,350,Крючки,,,Крючки Owner 50922 №8 (15 шт). Крючки. Тонкие крючки для поплавочной ловли. test_min_nan test_max_nan
254,Крючки Gamakatsu LS-5313N №5 (10 шт),Универсальные крючки с лопаткой для насаживания червя.,270,Крючки,,,Крючки Gamakatsu LS-5313N №5 (10 шт). Крючки. Универсальные крючки с лопаткой для насаживания червя. test_min_nan test_max_nan
255,Крючки Mustad Ultra Point 32608 №2 (10 шт),Кованые крючки с супер-острым жалом.,230,Крючки,,,Крючки Mustad Ultra Point 32608 №2 (10 шт). Крючки. Кованые крючки с супер-острым жалом. test_min_nan test_max_nan
256,Офсетные крючки VMC 7119 №3/0 (10 шт),Широкие офсетники для объёмных силиконовых приманок.,470,Крючки,,,Офсетные крючки VMC 7119 №3/0 (10 шт). Крючки. Широкие офсетники для объёмных силиконовых приманок. test_min_nan test_max_nan
257,Крючки карповые Korda Wide Gape 4 (10 шт),Популярные крючки для волосяной оснастки.,390,Крючки,,,Крючки карповые Korda Wide Gape 4 (10 шт). Крючки. Популярные крючки для волосяной оснастки. test_min_nan test_max_nan
258,Поплавок Drennan Crystal 3г,Прозрачный поплавок для осторожной рыбы.,240,Поплавки,,,Поплавок Drennan Crystal 3г. Поплавки. Прозрачный поплавок для осторожной рыбы. test_min_nan test_max_nan
259,Поплавок Maver Styl 2г,Лёгкий бальзовый поплавок для матчевой ловли.,250,Поплавки,,,Поплавок Maver Styl 2г. Поплавки. Лёгкий бальзовый поплавок для матчевой ловли. test_min_nan test_max_nan
260,Поплавок Preston Durafloat 3г,Плавающий поплавок с отличной видимостью.,180,Поплавки,,,Поплавок Preston Durafloat 3г. Поплавки. Плавающий поплавок с отличной видимостью. test_min_nan test_max_nan
261,Поплавок Colmic Cronos 3г,Спортивный поплавок с высокой чувствительностью.,200,Поплавки,,,Поплавок Colmic Cronos 3г. Поплавки. Спортивный поплавок с высокой чувствительностью. test_min_nan test_max_nan
262,Поплавок скользящий 8г,Скользящий поплавок для дальнего заброса.,150,Поплавки,,,Поплавок скользящий 8г. Поплавки. Скользящий поплавок для дальнего заброса. test_min_nan test_max_nan
263,Кормушка металлическая 50г (клетка),Тяжёлая флет-кормушка для сильного течения.,220,Кормушки,,,Кормушка металлическая 50г (клетка). Кормушки. Тяжёлая флет-кормушка для сильного течения. test_min_nan test_max_nan
264,Кормушка методная 60г,Крупная кормушка для быстрого закорма.,260,Кормушки,,,Кормушка методная 60г. Кормушки. Крупная кормушка для быстрого закорма. test_min_nan test_max_nan
265,Кормушка флэт 30г,Плоская кормушка для стоячей воды.,185,Кормушки,,,Кормушка флэт 30г. Кормушки. Плоская кормушка для стоячей воды. test_min_nan test_max_nan
266,Кормушка-пуля Preston 30г,Обтекаемая кормушка для точного заброса.,195,Кормушки,,,Кормушка-пуля Preston 30г. Кормушки. Обтекаемая кормушка для точного заброса. test_min_nan test_max_nan
267,Кормушка Feeder basket 40г,Универсальная корзинка для стартового закорма.,170,Кормушки,,,Кормушка Feeder basket 40г. Кормушки. Универсальная корзинка для стартового закорма. test_min_nan test_max_nan
268,Прикормка Sensas 3000 Carp 2кг,Французская прикормка для карпа с крупными фракциями.,690,Прикормка,,,Прикормка Sensas 3000 Carp 2кг. Прикормка. Французская прикормка для карпа с крупными фракциями. test_min_nan test_max_nan
269,Прикормка Dunaev Premium Универсал 1.5кг,Сбалансированная прикормка для разной рыбы.,490,Прикормка,,,Прикормка Dunaev Premium Универсал 1.5кг. Прикормка. Сбалансированная прикормка для разной рыбы. test_min_nan test_max_nan
270,Прикормка Trapper Карась 1кг,Ароматная прикормка с запахом аниса для карася.,370,Прикормка,,,Прикормка Trapper Карась 1кг. Прикормка. Ароматная прикормка с запахом аниса для карася. test_min_nan test_max_nan
271,Зимний костюм Shimano Kairiki Pro,Усиленный мембранный костюм для экстремальных условий.,24500,Одежда,,,Зимний костюм Shimano Kairiki Pro. Одежда. Усиленный мембранный костюм для экстремальных условий. test_min_nan test_max_nan
272,Летний костюм Norfin Air,Максимально дышащий костюм для жары.,10900,Одежда,,,Летний костюм Norfin Air. Одежда. Максимально дышащий костюм для жары. test_min_nan test_max_nan
273,Демисезонный костюм Daiwa Airdrive,Лёгкий непродуваемый костюм для весны и осени.,9900,Одежда,,,Демисезонный костюм Daiwa Airdrive. Одежда. Лёгкий непродуваемый костюм для весны и осени. test_min_nan test_max_nan
274,Куртка зимняя Rapala Max,Тёплая куртка с утеплителем Thinsulate.,13900,Одежда,,,Куртка зимняя Rapala Max. Одежда. Тёплая куртка с утеплителем Thinsulate. test_min_nan test_max_nan
275,Перчатки флисовые Norfin,Мягкие перчатки для прохладной погоды.,990,Одежда,,,Перчатки флисовые Norfin. Одежда. Мягкие перчатки для прохладной погоды. test_min_nan test_max_nan
276,Шапка зимняя Lucky John,Тёплая шапка с флисовой подкладкой.,790,Одежда,,,Шапка зимняя Lucky John. Одежда. Тёплая шапка с флисовой подкладкой. test_min_nan test_max_nan
277,Ботинки зимние EVA Nordman Pro,Лёгкие и тёплые ботинки для зимней рыбалки.,4990,Одежда,,,Ботинки зимние EVA Nordman Pro. Одежда. Лёгкие и тёплые ботинки для зимней рыбалки. test_min_nan test_max_nan
278,Сапоги болотные Norfin Hike,Высокие сапоги с усиленной подошвой.,4590,Одежда,,,Сапоги болотные Norfin Hike. Одежда. Высокие сапоги с усиленной подошвой. test_min_nan test_max_nan
279,Жилет спасательный автоматический,Надувной жилет с ручным и автоматическим срабатыванием.,6990,Одежда,,,Жилет спасательный автоматический. Одежда. Надувной жилет с ручным и автоматическим срабатыванием. test_min_nan test_max_nan
280,Костюм поплавковый Fox,Лёгкий водоотталкивающий костюм для лета.,11900,Одежда,,,Костюм поплавковый Fox. Одежда. Лёгкий водоотталкивающий костюм для лета. test_min_nan test_max_nan
281,Ящик для снастей Plano 7771,Вместительный ящик с водонепроницаемым уплотнителем.,5590,Аксессуары,,,Ящик для снастей Plano 7771. Аксессуары. Вместительный ящик с водонепроницаемым уплотнителем. test_min_nan test_max_nan
282,Сумка-холодильник Salmo 30л,Увеличенная термосумка для крупного улова.,4450,Аксессуары,,,Сумка-холодильник Salmo 30л. Аксессуары. Увеличенная термосумка для крупного улова. test_min_nan test_max_nan
283,Подсак телескопический 250см,Удлинённый подсак для ловли с обрывистого берега.,3190,Аксессуары,,,Подсак телескопический 250см. Аксессуары. Удлинённый подсак для ловли с обрывистого берега. test_min_nan test_max_nan
284,Стойки под удилище Daiwa,Устойчивые треноги с резьбовым креплением.,2190,Аксессуары,,,Стойки под удилище Daiwa. Аксессуары. Устойчивые треноги с резьбовым креплением. test_min_nan test_max_nan
285,Сигнализатор поклевки Delkim TXi,Премиальный сигнализатор с вибро- и звуковой индикацией.,3590,Аксессуары,,,Сигнализатор поклевки Delkim TXi. Аксессуары. Премиальный сигнализатор с вибро- и звуковой индикацией. test_min_nan test_max_nan
286,Эхолот Garmin EchoMAP UHD 73sv,Эхолот с картплоттером и ультрачётким дисплеем.,56900,Аксессуары,,,Эхолот Garmin EchoMAP UHD 73sv. Аксессуары. Эхолот с картплоттером и ультрачётким дисплеем. test_min_nan test_max_nan
287,Зарядное устройство для LiFePO4 аккумуляторов 12В,Интеллектуальное ЗУ для современных литиевых батарей.,2790,Аксессуары,,,Зарядное устройство для LiFePO4 аккумуляторов 12В. Аксессуары. Интеллектуальное ЗУ для современных литиевых батарей. test_min_nan test_max_nan
288,Экстрактор пластиковый 20см,Лёгкий экстрактор для извлечения крючков у некрупной рыбы.,290,Аксессуары,,,Экстрактор пластиковый 20см. Аксессуары. Лёгкий экстрактор для извлечения крючков у некрупной рыбы. test_min_nan test_max_nan
289,Грузила джиг-головки набор,Набор джиг-головок разного веса с крючком.,590,Аксессуары,,,Грузила джиг-головки набор. Аксессуары. Набор джиг-головок разного веса с крючком. test_min_nan test_max_nan
290,Поводки стальные 20см (10 шт),Удлинённые поводки для крупной щуки.,360,Аксессуары,,,Поводки стальные 20см (10 шт). Аксессуары. Удлинённые поводки для крупной щуки. test_min_nan test_max_nan
291,Чехол для удилищ жёсткий 1.5м,Жёсткий тубус для безопасной перевозки спиннингов.,2190,Аксессуары,,,Чехол для удилищ жёсткий 1.5м. Аксессуары. Жёсткий тубус для безопасной перевозки спиннингов. test_min_nan test_max_nan
292,Ножницы для лески Fiskars,Острые ножницы с возвратной пружиной.,1490,Аксессуары,,,Ножницы для лески Fiskars. Аксессуары. Острые ножницы с возвратной пружиной. test_min_nan test_max_nan
293,Мультитул Leatherman Wave+,Многофункциональный инструмент премиум-класса.,11900,Инструменты,,,Мультитул Leatherman Wave+. Инструменты. Многофункциональный инструмент премиум-класса. test_min_nan test_max_nan
294,Плоскогубцы рыболовные с бокорезами Rapala,Универсальный инструмент для монтажа и резки лески.,1190,Инструменты,,,Плоскогубцы рыболовные с бокорезами Rapala. Инструменты. Универсальный инструмент для монтажа и резки лески. test_min_nan test_max_nan
295,Ножницы для плетенки Gerber Magnum,Мощные ножницы с титановым покрытием.,1590,Инструменты,,,Ножницы для плетенки Gerber Magnum. Инструменты. Мощные ножницы с титановым покрытием. test_min_nan test_max_nan
296,Щипцы для снятия крючков Daiwa,Длинные щипцы с изогнутыми губками.,890,Инструменты,,,Щипцы для снятия крючков Daiwa. Инструменты. Длинные щипцы с изогнутыми губками. test_min_nan test_max_nan
297,Зажим для лески,Компактный зажим для фиксации лески на шпуле.,220,Инструменты,,,Зажим для лески. Инструменты. Компактный зажим для фиксации лески на шпуле. test_min_nan test_max_nan
298,Палатка зимняя Tramp Ice,Утеплённая палатка-автомат с быстрой сборкой.,12500,Палатки,,,Палатка зимняя Tramp Ice. Палатки. Утеплённая палатка-автомат с быстрой сборкой. test_min_nan test_max_nan
299,Палатка летняя QuickFish 2,Лёгкая одноместная палатка для карпфишинга.,5490,Палатки,,,Палатка летняя QuickFish 2. Палатки. Лёгкая одноместная палатка для карпфишинга. test_min_nan test_max_nan
300,Спальный мешок Norfin Comfort -10,Тёплый спальник с капюшоном для весны и осени.,4990,Палатки,,,Спальный мешок Norfin Comfort -10. Палатки. Тёплый спальник с капюшоном для весны и осени. test_min_nan test_max_nan
301,Кресло карповое Carp Zoom,Удобное складное кресло с регулируемыми ножками.,3490,Палатки,,,Кресло карповое Carp Zoom. Палатки. Удобное складное кресло с регулируемыми ножками. test_min_nan test_max_nan
302,Стол складной алюминиевый,Лёгкий стол для приготовления прикормки.,2390,Палатки,,,Стол складной алюминиевый. Палатки. Лёгкий стол для приготовления прикормки. test_min_nan test_max_nan
